<ExportPresets LastType="XmlContentExport">
  <Preset DisplayName="" Type="UnityExport">
    <ExportSettings Type="UnityExport">
      <Filename>C:\CodeStudy\Unity_PROJECT\UnityDrill2\Assets\ArticyImporter</Filename>
      <CustomSettings>
        <Option Name="set_TextFormatter" Value="Unity"/>
        <Option Name="set_IncludingAssets" Value="True"/>
        <Option Name="set_IncludedNodes" Value="Settings, Project, GlobalVariables, ObjectDefinitions, Packages, ScriptMethods, Hierarchy, Assets, Languages"/>
      </CustomSettings>
      <PackageStates>
        <State Id="72057594037928208" Enabled="1"/>
      </PackageStates>
      <SelectedRuleSet>72057594037928205</SelectedRuleSet>
    </ExportSettings>
  </Preset>
</ExportPresets>
